,city,total_sales,fraud_sales,fraud_city_pct,fraud_city_rank
0,Achille,532,13,2.443609022556391,24.0
1,Acworth,2097,13,0.619933237958989,340.0
2,Adams,516,0,0.0,583.0
3,Afton,2035,9,0.4422604422604423,454.0
4,Akron,511,0,0.0,583.0
5,Albany,1056,20,1.893939393939394,64.0
6,Albuquerque,1025,24,2.341463414634146,29.0
7,Alder,1019,9,0.8832188420019628,215.0
8,Aledo,1034,11,1.0638297872340425,154.0
9,Alexandria,1049,12,1.1439466158245948,145.0
10,Allenhurst,1012,5,0.4940711462450593,418.0
11,Allentown,3639,21,0.5770816158285244,370.0
12,Alpharetta,2562,13,0.507416081186573,412.0
13,Altair,2051,8,0.39005363237445145,495.0
14,Alton,994,0,0.0,583.0
15,Altona,2035,12,0.5896805896805897,355.0
16,Altonah,2089,14,0.6701771182383915,323.0
17,Alva,1052,9,0.8555133079847909,228.0
18,Amanda,1528,7,0.45811518324607325,443.0
19,American Fork,1045,8,0.7655502392344498,268.0
20,Amorita,510,10,1.9607843137254901,57.0
21,Amsterdam,1047,15,1.4326647564469914,105.0
22,Andrews,3599,10,0.27785495971103086,538.0
23,Angwin,10,10,100.0,1.0
24,Annapolis,525,0,0.0,583.0
25,Apison,519,9,1.7341040462427744,80.0
26,Arcadia,4096,18,0.439453125,457.0
27,Arlington,1535,8,0.5211726384364821,399.0
28,Armagh,2540,11,0.4330708661417323,465.0
29,Armonk,1017,11,1.0816125860373649,149.0
30,Arnold,2013,8,0.39741679085941384,479.0
31,Arvada,515,9,1.7475728155339807,79.0
32,Ash Flat,1513,9,0.5948446794448117,347.0
33,Ashfield,1031,9,0.8729388942774006,220.0
34,Ashford,1040,12,1.153846153846154,141.0
35,Ashland,10,10,100.0,1.0
36,Atglen,1009,9,0.8919722497522299,208.0
37,Athena,1551,8,0.5157962604771116,408.0
38,Atlantic,2068,14,0.6769825918762089,318.0
39,Auburn,1036,0,0.0,583.0
40,Aurora,512,23,4.4921875,2.0
41,Avera,1026,8,0.7797270955165692,255.0
42,Avoca,2028,12,0.591715976331361,351.0
43,Azusa,501,0,0.0,583.0
44,Bagley,2585,10,0.3868471953578337,500.0
45,Bailey,1511,8,0.5294506949040371,391.0
46,Ballwin,1547,0,0.0,583.0
47,Barnard,1024,0,0.0,583.0
48,Barneveld,2101,7,0.333174678724417,523.0
49,Barnstable,2090,10,0.4784688995215311,428.0
50,Baroda,1538,0,0.0,583.0
51,Basye,2090,11,0.5263157894736842,396.0
52,Baton Rouge,3064,0,0.0,583.0
53,Battle Creek,1979,11,0.5558362809499747,378.0
54,Bauxite,3081,8,0.2596559558584875,549.0
55,Bay City,1021,22,2.1547502448579823,45.0
56,Bay Minette,1560,0,0.0,583.0
57,Beacon,11,11,100.0,1.0
58,Beasley,1049,9,0.8579599618684461,226.0
59,Beaver Falls,1579,24,1.5199493350221658,99.0
60,Beaverdam,1026,12,1.1695906432748537,137.0
61,Belfast,1503,6,0.39920159680638717,478.0
62,Belgrade,2043,0,0.0,583.0
63,Belle Fourche,1039,12,1.1549566891241578,140.0
64,Bellmore,2577,7,0.2716336825766395,544.0
65,Belmond,1541,8,0.5191434133679429,404.0
66,Belmont,1000,0,0.0,583.0
67,Benton,530,17,3.207547169811321,4.0
68,Bessemer,2553,0,0.0,583.0
69,Bethel,508,3,0.5905511811023622,353.0
70,Bethel Springs,1031,10,0.9699321047526674,181.0
71,Big Creek,1516,13,0.8575197889182058,227.0
72,Big Indian,1556,11,0.7069408740359897,295.0
73,Bigelow,521,12,2.3032629558541267,33.0
74,Birmingham,5617,11,0.19583407512907247,564.0
75,Blackville,1581,9,0.5692599620493358,376.0
76,Blairsden-Graeagle,1023,9,0.8797653958944283,216.0
77,Blairstown,1513,0,0.0,583.0
78,Blooming Grove,2555,8,0.3131115459882583,531.0
79,Bolivar,1023,0,0.0,583.0
80,Bolton,2049,12,0.5856515373352855,358.0
81,Bonfield,1529,14,0.9156311314584695,199.0
82,Bonita Springs,518,0,0.0,583.0
83,Boonton,1047,10,0.9551098376313276,191.0
84,Boulder,493,15,3.0425963488843815,6.0
85,Bowdoin,3107,16,0.5149662053427744,410.0
86,Bowersville,1544,13,0.8419689119170984,234.0
87,Boyd,519,0,0.0,583.0
88,Bradley,3117,0,0.0,583.0
89,Brainard,530,5,0.9433962264150944,194.0
90,Brandon,4044,21,0.5192878338278931,403.0
91,Brantley,1019,12,1.1776251226692835,135.0
92,Brashear,516,13,2.5193798449612403,20.0
93,Breesport,2048,7,0.341796875,520.0
94,Bridgeport,1514,11,0.726552179656539,277.0
95,Bridger,2080,0,0.0,583.0
96,Brinson,1046,0,0.0,583.0
97,Bristol,1512,0,0.0,583.0
98,Bristow,1054,14,1.3282732447817838,117.0
99,Bronx,2056,8,0.38910505836575876,497.0
100,Brookfield,9,9,100.0,1.0
101,Brooklin,1014,10,0.9861932938856016,169.0
102,Brooklyn,2033,10,0.49188391539596654,420.0
103,Broomfield,505,7,1.3861386138613863,107.0
104,Browning,1543,5,0.32404406999351915,527.0
105,Brownville,2068,15,0.7253384912959381,279.0
106,Bruce,7,7,100.0,1.0
107,Brunson,2503,15,0.5992808629644426,343.0
108,Bryant,503,8,1.5904572564612325,89.0
109,Buellton,8,8,100.0,1.0
110,Burbank,4159,18,0.4327963452753066,466.0
111,Burke,1476,0,0.0,583.0
112,Burlington,2038,8,0.39254170755642787,489.0
113,Burns Flat,528,14,2.6515151515151514,17.0
114,Burrton,972,0,0.0,583.0
115,Byesville,12,12,100.0,1.0
116,Bynum,509,9,1.768172888015717,75.0
117,Cadiz,1522,0,0.0,583.0
118,Camden,2535,7,0.27613412228796846,540.0
119,Campbell,1512,13,0.8597883597883598,225.0
120,Canton,1014,8,0.7889546351084813,247.0
121,Cape Coral,1027,9,0.8763388510223954,218.0
122,Cardwell,511,5,0.9784735812133072,175.0
123,Carlisle,1042,9,0.8637236084452975,224.0
124,Carlotta,2036,0,0.0,583.0
125,Carroll,1043,13,1.2464046021093003,128.0
126,Cascade Locks,2047,0,0.0,583.0
127,Cass,1562,15,0.9603072983354672,188.0
128,Cassatt,520,8,1.5384615384615385,96.0
129,Catawba,2075,15,0.7228915662650602,282.0
130,Cazenovia,1544,0,0.0,583.0
131,Cecilton,1528,15,0.981675392670157,172.0
132,Cedar,1540,0,0.0,583.0
133,Center Point,1528,11,0.7198952879581152,285.0
134,Center Tuftonboro,1025,8,0.7804878048780488,254.0
135,Centerview,3087,11,0.35633300939423385,509.0
136,Central,1029,0,0.0,583.0
137,Chatham,501,0,0.0,583.0
138,Chattanooga,7,7,100.0,1.0
139,Cherokee Village,1565,15,0.9584664536741214,189.0
140,Chester,1016,10,0.984251968503937,170.0
141,Chester Heights,1531,9,0.5878510777269758,357.0
142,Christine,1070,9,0.8411214953271028,235.0
143,Churubusco,1014,0,0.0,583.0
144,Cisco,2075,0,0.0,583.0
145,Claremont,529,9,1.7013232514177694,84.0
146,Clarinda,2021,10,0.49480455220188024,417.0
147,Clarion,9,9,100.0,1.0
148,Clarks Mills,2918,0,0.0,583.0
149,Clarksville,1570,14,0.89171974522293,209.0
150,Clay Center,1542,0,0.0,583.0
151,Claypool,7,7,100.0,1.0
152,Clayton,2038,12,0.5888125613346418,356.0
153,Clearwater,553,24,4.3399638336347195,3.0
154,Cleveland,4604,18,0.3909643788010426,493.0
155,Clifton,1046,14,1.338432122370937,115.0
156,Clinton,12,12,100.0,1.0
157,Clune,1023,13,1.270772238514174,121.0
158,Clutier,524,0,0.0,583.0
159,Cochranton,2552,10,0.3918495297805642,492.0
160,Coffeeville,2087,9,0.43124101581217056,469.0
161,Cokeburg,2074,9,0.43394406943105107,464.0
162,Coleharbor,2036,6,0.29469548133595286,535.0
163,Coleman,1560,9,0.576923076923077,371.0
164,Collegeville,504,9,1.7857142857142856,74.0
165,Collettsville,1513,8,0.5287508261731658,393.0
166,Colorado Springs,1547,8,0.5171299288946347,405.0
167,Colton,1047,6,0.5730659025787965,374.0
168,Columbia,1561,12,0.7687379884689303,267.0
169,Comfort,1539,14,0.9096816114359974,201.0
170,Comfrey,2074,4,0.19286403085824494,566.0
171,Conway,4613,17,0.3685237372642532,506.0
172,Cord,2014,0,0.0,583.0
173,Corona,1027,11,1.071080817916261,152.0
174,Corriganville,2069,14,0.6766553890768487,319.0
175,Corsica,1514,12,0.7926023778071334,246.0
176,Cottekill,3095,0,0.0,583.0
177,Coulee Dam,15,15,100.0,1.0
178,Cowlesville,1509,9,0.5964214711729622,344.0
179,Coyle,1519,0,0.0,583.0
180,Cranks,1517,6,0.3955174686882004,480.0
181,Creedmoor,2071,0,0.0,583.0
182,Creola,1500,7,0.46666666666666673,433.0
183,Cressona,1026,0,0.0,583.0
184,Cromona,2032,8,0.39370078740157477,486.0
185,Cross,520,9,1.7307692307692308,81.0
186,Cross Plains,1025,9,0.878048780487805,217.0
187,Crouse,8,8,100.0,1.0
188,Crownpoint,1004,8,0.796812749003984,243.0
189,Curlew,538,6,1.1152416356877324,148.0
190,Cuthbert,1027,8,0.7789678675754625,256.0
191,Cuyahoga Falls,1549,8,0.5164622336991607,407.0
192,Dadeville,530,12,2.2641509433962264,38.0
193,Dallas,3629,27,0.744006613392119,271.0
194,Dalton,524,8,1.5267175572519083,98.0
195,Daly City,1530,11,0.7189542483660131,286.0
196,Damascus,521,11,2.111324376199616,48.0
197,Daniels,529,12,2.2684310018903595,37.0
198,Darien,1532,0,0.0,583.0
199,Dayton,517,7,1.3539651837524178,112.0
200,De Lancey,481,9,1.8711018711018712,67.0
201,De Queen,520,9,1.7307692307692308,81.0
202,De Soto,3082,5,0.16223231667748217,570.0
203,De Witt,3106,14,0.4507405022537025,448.0
204,Deadwood,1569,11,0.7010834926704907,301.0
205,Deane,1466,18,1.227830832196453,130.0
206,Delhi,1597,8,0.5009392611145899,415.0
207,Dell City,485,0,0.0,583.0
208,Deltona,1025,0,0.0,583.0
209,Denham Springs,2540,2,0.07874015748031496,581.0
210,Des Moines,1554,11,0.7078507078507079,294.0
211,Desdemona,503,0,0.0,583.0
212,Detroit,3584,26,0.7254464285714286,278.0
213,Dexter,515,8,1.5533980582524272,92.0
214,Diamond,2543,10,0.39323633503735744,487.0
215,Dieterich,1559,14,0.8980115458627326,205.0
216,Doe Hill,2017,0,0.0,583.0
217,Dongola,1022,10,0.9784735812133072,175.0
218,Downey,10,10,100.0,1.0
219,Downsville,1039,11,1.0587102983638113,156.0
220,Drakes Branch,2547,0,0.0,583.0
221,Dresden,504,0,0.0,583.0
222,Du Pont,521,13,2.495201535508637,22.0
223,Dublin,552,7,1.2681159420289856,122.0
224,Dubre,1058,12,1.1342155009451798,146.0
225,Dumont,1510,8,0.5298013245033113,390.0
226,Duncan,1039,5,0.4812319538017324,427.0
227,Dunlevy,2064,5,0.24224806201550386,555.0
228,Eagarville,1034,14,1.3539651837524178,112.0
229,Early,485,4,0.8247422680412372,237.0
230,East Andover,1558,9,0.5776636713735559,369.0
231,East Canaan,3090,0,0.0,583.0
232,East China,9,9,100.0,1.0
233,East Rochester,536,10,1.8656716417910446,69.0
234,East Troy,1039,11,1.0587102983638113,156.0
235,Easton,1036,10,0.9652509652509652,183.0
236,Edinburg,1044,7,0.6704980842911877,322.0
237,Edisto Island,2918,10,0.3427004797806717,518.0
238,Edmond,2561,0,0.0,583.0
239,Egan,2051,9,0.43881033642125794,461.0
240,Ehrhardt,518,7,1.3513513513513513,113.0
241,El Paso,538,10,1.858736059479554,70.0
242,Elberta,3123,10,0.3202049311559398,529.0
243,Eldridge,1539,13,0.8447043534762833,232.0
244,Elizabeth,2566,10,0.3897116134060795,496.0
245,Elizabethtown,1557,0,0.0,583.0
246,Elk Rapids,529,0,0.0,583.0
247,Elkhart,1505,10,0.6644518272425249,324.0
248,Emmons,521,12,2.3032629558541267,33.0
249,Emporium,1015,9,0.8866995073891626,214.0
250,Enola,2032,10,0.4921259842519685,419.0
251,Esbon,2574,13,0.5050505050505051,413.0
252,Espanola,2611,12,0.4595940252776714,440.0
253,Etlan,514,0,0.0,583.0
254,Eugene,1558,12,0.7702182284980745,266.0
255,Eureka,1519,0,0.0,583.0
256,Fairhope,527,11,2.0872865275142316,50.0
257,Fairview,1569,12,0.7648183556405354,269.0
258,Falconer,2080,0,0.0,583.0
259,Falls Church,1021,8,0.7835455435847208,252.0
260,Falls City,985,7,0.7106598984771574,292.0
261,Falmouth,2034,11,0.5408062930186824,382.0
262,Farmington,1496,0,0.0,583.0
263,Fayetteville,2525,12,0.4752475247524752,430.0
264,Fenelton,2551,21,0.8232065856526851,238.0
265,Ferney,518,12,2.3166023166023164,31.0
266,Fiddletown,2049,11,0.5368472425573451,383.0
267,Fields Landing,1547,12,0.7756948933419522,261.0
268,Florence,3046,3,0.0984898227183191,579.0
269,Ford,1507,0,0.0,583.0
270,Fordoche,2038,5,0.24533856722276742,554.0
271,Fort Myers,2524,12,0.4754358161648178,429.0
272,Fort Washakie,3527,21,0.5954068613552594,345.0
273,Freedom,2054,15,0.7302823758519961,274.0
274,Freeport,9,9,100.0,1.0
275,Fullerton,1554,14,0.9009009009009009,203.0
276,Fulton,3977,11,0.2765903947699271,539.0
277,Gadsden,3060,8,0.261437908496732,548.0
278,Gaines,8,8,100.0,1.0
279,Gainesville,536,8,1.4925373134328357,103.0
280,Gaithersburg,513,12,2.3391812865497075,30.0
281,Galatia,525,9,1.7142857142857144,83.0
282,Gardiner,1526,14,0.9174311926605505,198.0
283,Garfield,497,9,1.8108651911468814,72.0
284,Garrattsville,2001,14,0.6996501749125438,303.0
285,Georgetown,2057,9,0.4375303840544483,462.0
286,Gibsonville,1044,7,0.6704980842911877,322.0
287,Girard,514,15,2.9182879377431905,8.0
288,Glade Spring,1007,8,0.7944389275074478,244.0
289,Glen Rock,1027,9,0.8763388510223954,218.0
290,Glendale,2614,11,0.42081101759755163,473.0
291,Goodrich,3054,8,0.26195153896529144,547.0
292,Goreville,1024,0,0.0,583.0
293,Granbury,12,12,100.0,1.0
294,Grand Bay,1033,9,0.8712487899322363,221.0
295,Grand Junction,1542,0,0.0,583.0
296,Grand Ridge,1028,10,0.9727626459143969,180.0
297,Grandview,3039,3,0.09871668311944717,578.0
298,Graniteville,2045,14,0.6845965770171148,311.0
299,Grant,2050,9,0.4390243902439025,459.0
300,Grantham,1038,10,0.9633911368015413,185.0
301,Grassflat,2088,4,0.19157088122605362,567.0
302,Great Mills,1565,0,0.0,583.0
303,Greenbush,517,0,0.0,583.0
304,Greendale,1549,7,0.4519044544867657,447.0
305,Greenport,10,10,100.0,1.0
306,Greenview,1559,7,0.4490057729313663,449.0
307,Greenville,1069,11,1.028999064546305,163.0
308,Greenwich,2024,7,0.3458498023715415,515.0
309,Greenwood,1019,11,1.0794896957801767,150.0
310,Gregory,1013,9,0.8884501480750246,211.0
311,Grenada,1564,13,0.8312020460358057,236.0
312,Grenola,9,9,100.0,1.0
313,Gretna,1522,7,0.45992115637319314,438.0
314,Grimesland,1001,15,1.4985014985014986,102.0
315,Grover,2585,0,0.0,583.0
316,Hahira,1531,16,1.0450685826257349,160.0
317,Haines City,1008,10,0.992063492063492,166.0
318,Halma,1047,11,1.0506208213944603,159.0
319,Halstad,1031,0,0.0,583.0
320,Hampton,1071,20,1.8674136321195145,68.0
321,Hancock,2519,0,0.0,583.0
322,Hannawa Falls,2562,14,0.546448087431694,380.0
323,Harborcreek,1563,11,0.7037747920665387,297.0
324,Harmony,515,7,1.3592233009708738,111.0
325,Harper,2024,9,0.4446640316205534,450.0
326,Harrington Park,1517,9,0.5932762030323006,348.0
327,Harrodsburg,2106,8,0.3798670465337132,505.0
328,Hartford,507,0,0.0,583.0
329,Harwood,1008,0,0.0,583.0
330,Hatch,1513,9,0.5948446794448117,347.0
331,Haw River,2555,9,0.35225048923679064,512.0
332,Hawley,1523,10,0.6565988181221274,326.0
333,Hawthorne,1538,8,0.5201560468140443,402.0
334,Haynes,1010,10,0.9900990099009901,168.0
335,Hazel,529,10,1.890359168241966,65.0
336,Heart Butte,3074,0,0.0,583.0
337,Hedley,1023,13,1.270772238514174,121.0
338,Hedrick,1001,8,0.7992007992007992,241.0
339,Heidelberg,1021,10,0.9794319294809012,174.0
340,Heiskell,2073,7,0.3376748673420164,522.0
341,Heislerville,1047,0,0.0,583.0
342,Helm,2003,8,0.399400898652022,477.0
343,Henderson,1537,8,0.520494469746259,401.0
344,Hewitt,2024,8,0.3952569169960474,481.0
345,Higganum,1033,11,1.0648596321393997,153.0
346,High Rolls Mountain Park,2070,11,0.5314009661835749,389.0
347,Highland,1526,0,0.0,583.0
348,Hills,516,10,1.937984496124031,61.0
349,Hinckley,3110,0,0.0,583.0
350,Hinesburg,3112,15,0.4820051413881748,426.0
351,Holcomb,2057,16,0.7778317938745746,257.0
352,Holliday,2064,10,0.4844961240310077,425.0
353,Holloway,1525,0,0.0,583.0
354,Holstein,2080,9,0.4326923076923077,467.0
355,Honokaa,1032,0,0.0,583.0
356,Hooper,2047,0,0.0,583.0
357,Hopewell,505,10,1.9801980198019802,53.0
358,Hopkins,1529,10,0.6540222367560496,328.0
359,Houston,4168,39,0.935700575815739,195.0
360,Hovland,989,19,1.9211324570273005,63.0
361,Howells,1543,11,0.712896953985742,291.0
362,Howes Cave,504,15,2.976190476190476,7.0
363,Hubbell,19,19,100.0,1.0
364,Hudson,3547,21,0.5920496193966732,349.0
365,Humble,1005,12,1.1940298507462688,131.0
366,Humboldt,480,10,2.083333333333333,51.0
367,Huntington Beach,510,10,1.9607843137254901,57.0
368,Huntsville,3560,29,0.8146067415730337,240.0
369,Hurley,1046,11,1.0516252390057361,158.0
370,Hurricane,2047,3,0.14655593551538837,571.0
371,Huslia,540,9,1.6666666666666667,86.0
372,Iliff,1041,7,0.6724303554274735,321.0
373,Independence,1559,11,0.7055805003207184,296.0
374,Indian Wells,1555,12,0.7717041800643086,264.0
375,Indianapolis,4073,17,0.41738276454701695,474.0
376,Ironton,521,13,2.495201535508637,22.0
377,Irvine,1540,16,1.0389610389610389,161.0
378,Irvington,8,8,100.0,1.0
379,Irwinton,1548,8,0.516795865633075,406.0
380,Isanti,10,10,100.0,1.0
381,Iselin,513,10,1.949317738791423,59.0
382,Issaquah,2602,0,0.0,583.0
383,Jackson,496,0,0.0,583.0
384,Jaffrey,533,0,0.0,583.0
385,Jay,501,0,0.0,583.0
386,Jefferson,1535,15,0.9771986970684038,176.0
387,Jelm,1527,11,0.7203667321545514,284.0
388,Jermyn,1551,14,0.9026434558349452,202.0
389,Johns Island,2587,10,0.3865481252415926,501.0
390,Joliet,1525,9,0.5901639344262295,354.0
391,Jones,3083,7,0.22705157314304247,559.0
392,Jordan Valley,521,11,2.111324376199616,48.0
393,Jordanville,1036,14,1.3513513513513513,113.0
394,Juliette,1555,5,0.3215434083601286,528.0
395,June Lake,1527,6,0.3929273084479371,488.0
396,Kaktovik,12,12,100.0,1.0
397,Kansas City,2045,9,0.4400977995110024,456.0
398,Karnack,1525,10,0.6557377049180327,327.0
399,Karns City,7,7,100.0,1.0
400,Keisterville,2062,0,0.0,583.0
401,Keller,1523,8,0.5252790544977018,398.0
402,Kenner,1528,20,1.3089005235602094,118.0
403,Kensington,2564,12,0.46801872074883,432.0
404,Kent,1045,13,1.244019138755981,129.0
405,Key West,2584,11,0.42569659442724456,472.0
406,Kilgore,1533,2,0.1304631441617743,574.0
407,Kings Bay,492,5,1.0162601626016259,164.0
408,Kingsford Heights,2922,10,0.34223134839151265,519.0
409,Kingsport,997,5,0.5015045135406219,414.0
410,Kingsville,513,8,1.5594541910331383,91.0
411,Kirby,2000,14,0.7000000000000001,302.0
412,Kirk,1045,12,1.1483253588516746,143.0
413,Kirtland Afb,1011,0,0.0,583.0
414,Kissee Mills,1574,9,0.5717916137229987,375.0
415,Kittery Point,520,8,1.5384615384615385,96.0
416,Knowlesville,522,11,2.10727969348659,49.0
417,Knoxville,2587,12,0.4638577502899111,434.0
418,La Grande,12,12,100.0,1.0
419,Lagrange,995,7,0.7035175879396985,299.0
420,Laguna Hills,1543,11,0.712896953985742,291.0
421,Lahoma,3646,16,0.4388370817334065,460.0
422,Lake Jackson,2556,16,0.6259780907668232,339.0
423,Lake Oswego,1572,0,0.0,583.0
424,Lakeland,3635,21,0.5777166437414031,368.0
425,Lakeport,1996,0,0.0,583.0
426,Lakeview,1029,8,0.7774538386783284,258.0
427,Lamberton,1535,0,0.0,583.0
428,Lamy,502,5,0.9960159362549801,165.0
429,Lanark Village,2572,8,0.3110419906687403,533.0
430,Lane,499,0,0.0,583.0
431,Laramie,2021,0,0.0,583.0
432,Laredo,1530,7,0.4575163398692811,444.0
433,Las Vegas,8,8,100.0,1.0
434,Lawn,2069,11,0.5316578057032383,388.0
435,Lawrence,2597,12,0.4620716211012707,437.0
436,Lebanon,1009,12,1.1892963330029733,133.0
437,Leetsdale,1003,0,0.0,583.0
438,Leo,2034,7,0.344149459193707,517.0
439,Leonard,2564,0,0.0,583.0
440,Lepanto,507,10,1.9723865877712032,54.0
441,Liberty Mills,512,9,1.7578125,77.0
442,Lima,1547,10,0.6464124111182934,331.0
443,Linthicum Heights,536,0,0.0,583.0
444,Lithopolis,483,11,2.2774327122153206,36.0
445,Littleton,3090,0,0.0,583.0
446,Livonia,526,0,0.0,583.0
447,Llano,1024,0,0.0,583.0
448,Loami,496,9,1.8145161290322582,71.0
449,Lockhart,9,9,100.0,1.0
450,Logan,2043,9,0.4405286343612335,455.0
451,Lohrville,2069,0,0.0,583.0
452,Lolita,1512,15,0.992063492063492,166.0
453,Lomax,3006,0,0.0,583.0
454,Lonetree,1054,14,1.3282732447817838,117.0
455,Lonsdale,2028,0,0.0,583.0
456,Lorenzo,506,0,0.0,583.0
457,Los Angeles,521,9,1.727447216890595,82.0
458,Louisiana,508,11,2.1653543307086616,43.0
459,Louisville,2063,11,0.5332040717401841,387.0
460,Loving,490,0,0.0,583.0
461,Lowell,1556,15,0.9640102827763496,184.0
462,Lowville,1528,13,0.8507853403141361,231.0
463,Loxahatchee,1556,6,0.3856041131105398,503.0
464,Lubbock,1028,0,0.0,583.0
465,Luray,1567,0,0.0,583.0
466,Luzerne,999,15,1.5015015015015014,101.0
467,Madisonville,11,11,100.0,1.0
468,Malad City,503,0,0.0,583.0
469,Mallie,2015,7,0.34739454094292804,514.0
470,Manchester,1544,10,0.6476683937823834,330.0
471,Manderson,2024,8,0.3952569169960474,481.0
472,Manistique,3027,4,0.13214403700033034,573.0
473,Manley,1535,5,0.32573289902280134,525.0
474,Manor,1009,12,1.1892963330029733,133.0
475,Manquin,510,11,2.156862745098039,44.0
476,Mansfield,1540,11,0.7142857142857143,289.0
477,Manville,2003,0,0.0,583.0
478,Marathon,2048,8,0.390625,494.0
479,Margaretville,1542,13,0.8430609597924773,233.0
480,Maria Stein,534,0,0.0,583.0
481,Marienville,1523,7,0.4596191726854892,439.0
482,Marietta,510,9,1.7647058823529411,76.0
483,Marion,1032,5,0.4844961240310077,425.0
484,Marshall,10,10,100.0,1.0
485,Matawan,2054,7,0.34079844206426485,521.0
486,Matthews,1519,14,0.9216589861751152,196.0
487,May,2023,4,0.1977261492832427,563.0
488,Mayersville,2035,0,0.0,583.0
489,Maysville,1052,0,0.0,583.0
490,Mc Clellandtown,510,14,2.7450980392156863,12.0
491,Mc Cracken,1560,14,0.8974358974358974,206.0
492,Mc Intosh,533,0,0.0,583.0
493,Mc Nabb,2059,8,0.38853812530354537,498.0
494,Mc Veytown,2060,16,0.7766990291262136,259.0
495,Meadville,2556,8,0.3129890453834116,532.0
496,Medford,9,9,100.0,1.0
497,Melbourne,1025,7,0.6829268292682927,313.0
498,Melville,15,15,100.0,1.0
499,Mendon,1001,9,0.8991008991008992,204.0
500,Meredith,2037,14,0.6872852233676976,309.0
501,Meridian,5060,13,0.25691699604743085,551.0
502,Mesa,2047,20,0.9770395701025891,177.0
503,Metairie,1027,9,0.8763388510223954,218.0
504,Methuen,2058,9,0.43731778425655976,463.0
505,Miamisburg,1002,8,0.7984031936127743,242.0
506,Michigan,493,8,1.6227180527383367,87.0
507,Mifflin,2027,9,0.4440059200789344,451.0
508,Milford,2525,16,0.6336633663366337,337.0
509,Mill Creek,1520,14,0.9210526315789472,197.0
510,Milner,1033,8,0.7744433688286544,263.0
511,Milwaukee,1571,0,0.0,583.0
512,Mineral,12,12,100.0,1.0
513,Minneapolis,1519,19,1.2508229098090848,126.0
514,Minnesota Lake,1024,7,0.68359375,312.0
515,Moab,1497,9,0.6012024048096193,342.0
516,Mobile,2539,14,0.5513981882630957,379.0
517,Monetta,504,8,1.5873015873015872,90.0
518,Monitor,524,14,2.6717557251908395,15.0
519,Monmouth Beach,2035,0,0.0,583.0
520,Montandon,1554,11,0.7078507078507079,294.0
521,Montgomery,1012,7,0.691699604743083,307.0
522,Montrose,1034,10,0.9671179883945842,182.0
523,Moores Hill,503,0,0.0,583.0
524,Mooresville,1517,8,0.5273566249176005,395.0
525,Moorhead,3113,0,0.0,583.0
526,Moravian Falls,2028,0,0.0,583.0
527,Moriarty,2554,8,0.31323414252153486,530.0
528,Moriches,502,14,2.788844621513944,10.0
529,Moro,1538,14,0.9102730819245773,200.0
530,Morrisdale,3105,11,0.35426731078904994,510.0
531,Morven,8,8,100.0,1.0
532,Moscow,516,16,3.10077519379845,5.0
533,Moss Point,10,10,100.0,1.0
534,Moulton,1563,10,0.6397952655150352,335.0
535,Mound City,2037,0,0.0,583.0
536,Mounds,1523,12,0.7879185817465528,249.0
537,Moundsville,2564,6,0.234009360374415,558.0
538,Mount Clemens,1039,11,1.0587102983638113,156.0
539,Mount Hope,2087,5,0.23957834211787254,557.0
540,Mount Morris,1577,10,0.6341154090044389,336.0
541,Mount Perry,1534,11,0.7170795306388527,288.0
542,Mount Saint Joseph,2082,12,0.5763688760806917,372.0
543,Mount Vernon,11,11,100.0,1.0
544,Mountain Center,1014,0,0.0,583.0
545,Mountain City,10,10,100.0,1.0
546,Mountain Park,2030,8,0.3940886699507389,485.0
547,Mulberry Grove,2534,15,0.5919494869771112,350.0
548,Munith,1521,5,0.3287310979618672,524.0
549,Murfreesboro,2576,7,0.2717391304347826,543.0
550,Murrayville,2456,10,0.40716612377850164,475.0
551,Muskegon,2559,12,0.4689331770222743,431.0
552,Nanuet,10,10,100.0,1.0
553,Napa,2091,6,0.2869440459110474,537.0
554,Naples,4155,29,0.6979542719614922,305.0
555,Nazareth,2042,14,0.6856023506366308,310.0
556,Nelson,1026,14,1.364522417153996,109.0
557,New Boston,2065,0,0.0,583.0
558,New Ellenton,1558,15,0.9627727856225932,186.0
559,New Franken,490,0,0.0,583.0
560,New Goshen,520,9,1.7307692307692308,81.0
561,New Holstein,2570,7,0.2723735408560311,541.0
562,New Memphis,533,14,2.6266416510318953,18.0
563,New Waverly,1543,11,0.712896953985742,291.0
564,New York City,2563,23,0.8973858759266484,207.0
565,Newark Valley,1539,7,0.4548408057179987,445.0
566,Newberg,1014,0,0.0,583.0
567,Newhall,3034,3,0.0988793671720501,577.0
568,Newport,519,13,2.5048169556840074,21.0
569,Newton,528,10,1.893939393939394,64.0
570,Nicholson,9,9,100.0,1.0
571,Nobleboro,2050,14,0.6829268292682927,313.0
572,Noblesville,8,8,100.0,1.0
573,Nokomis,503,6,1.1928429423459244,132.0
574,Noonan,2066,5,0.24201355275895448,556.0
575,Norfolk,7,7,100.0,1.0
576,Norman,3039,13,0.42777229351760443,471.0
577,Norman Park,1519,11,0.7241606319947334,281.0
578,North Augusta,1531,12,0.7838014369693012,251.0
579,North Brookfield,515,9,1.7475728155339807,79.0
580,North East,9,9,100.0,1.0
581,North Haverhill,532,10,1.8796992481203008,66.0
582,North Judson,1554,9,0.5791505791505791,366.0
583,North Las Vegas,524,8,1.5267175572519083,98.0
584,North Loup,2030,16,0.7881773399014778,248.0
585,North Prairie,2063,12,0.58167716917111,363.0
586,North Tonawanda,1058,6,0.5671077504725899,377.0
587,North Washington,2037,5,0.24545900834560627,553.0
588,North Wilkesboro,2572,7,0.27216174183514774,542.0
589,Northport,498,0,0.0,583.0
590,Norwalk,3072,15,0.48828125,423.0
591,Norwich,1003,0,0.0,583.0
592,Notrees,2049,6,0.29282576866764276,536.0
593,O Brien,2052,14,0.682261208576998,314.0
594,Oak Hill,1548,10,0.6459948320413437,332.0
595,Oakdale,509,7,1.37524557956778,108.0
596,Oakford,524,4,0.7633587786259541,270.0
597,Oakland,2615,9,0.3441682600382409,516.0
598,Oaks,1566,11,0.70242656449553,300.0
599,Oakton,9,9,100.0,1.0
600,Oconto Falls,2060,12,0.5825242718446602,362.0
601,Odessa,522,0,0.0,583.0
602,Ogdensburg,2042,15,0.7345739471106758,273.0
603,Oklahoma City,1031,8,0.7759456838021339,260.0
604,Old Hickory,537,14,2.60707635009311,19.0
605,Ollie,1523,8,0.5252790544977018,398.0
606,Olmsted,1033,8,0.7744433688286544,263.0
607,Omaha,517,10,1.9342359767891684,62.0
608,Oolitic,2541,0,0.0,583.0
609,Oran,1055,9,0.8530805687203791,229.0
610,Orange Park,10,10,100.0,1.0
611,Orangeburg,1517,11,0.7251153592617008,280.0
612,Orient,3545,0,0.0,583.0
613,Oriskany Falls,1010,0,0.0,583.0
614,Orr,1040,13,1.25,127.0
615,Owensville,501,0,0.0,583.0
616,Oxford,1557,12,0.7707129094412332,265.0
617,Ozawkie,1543,9,0.5832793259883344,360.0
618,Paauilo,1527,7,0.45841519318926005,441.0
619,Paint Rock,1529,6,0.3924133420536298,491.0
620,Palermo,1535,12,0.7817589576547231,253.0
621,Palmdale,507,0,0.0,583.0
622,Palmyra,495,7,1.4141414141414141,106.0
623,Paradise Valley,1035,0,0.0,583.0
624,Paris,530,12,2.2641509433962264,38.0
625,Parker,509,7,1.37524557956778,108.0
626,Parker Dam,508,10,1.968503937007874,55.0
627,Parkers Lake,1009,10,0.9910802775024776,167.0
628,Parks,1052,9,0.8555133079847909,228.0
629,Parsonsfield,2037,15,0.7363770250368188,272.0
630,Paulding,1551,9,0.5802707930367506,365.0
631,Paxton,519,9,1.7341040462427744,80.0
632,Payson,1506,12,0.796812749003984,243.0
633,Pea Ridge,495,0,0.0,583.0
634,Pearlington,529,15,2.835538752362949,9.0
635,Pecos,537,6,1.1173184357541899,147.0
636,Pelham,1050,0,0.0,583.0
637,Pembroke,1036,7,0.6756756756756757,320.0
638,Pembroke Township,2915,5,0.17152658662092624,568.0
639,Pewee Valley,1041,0,0.0,583.0
640,Phelps,11,11,100.0,1.0
641,Phenix City,2002,2,0.0999000999000999,576.0
642,Phil Campbell,1029,12,1.1661807580174928,138.0
643,Philadelphia,3517,6,0.17059994313335228,569.0
644,Phoenix,5075,2,0.03940886699507389,582.0
645,Pikesville,1039,9,0.8662175168431183,223.0
646,Pittsburgh,2058,0,0.0,583.0
647,Plainfield,3080,14,0.45454545454545453,446.0
648,Plantersville,2056,15,0.7295719844357976,275.0
649,Pleasant Hill,8,8,100.0,1.0
650,Plymouth,2025,0,0.0,583.0
651,Pointe Aux Pins,2073,8,0.3859141341051616,502.0
652,Pomona,1051,0,0.0,583.0
653,Port Charlotte,1027,10,0.9737098344693282,179.0
654,Port Costa,2013,5,0.24838549428713363,552.0
655,Port Ewen,1527,0,0.0,583.0
656,Port Gibson,1535,0,0.0,583.0
657,Port Richey,1038,12,1.1560693641618496,139.0
658,Port Saint Lucie,513,9,1.7543859649122806,78.0
659,Portland,1023,0,0.0,583.0
660,Powell,1514,7,0.4623513870541612,436.0
661,Powell Butte,523,4,0.7648183556405354,269.0
662,Prairie Creek,532,12,2.2556390977443606,39.0
663,Prairie Hill,2019,4,0.1981178801386825,562.0
664,Premier,509,10,1.9646365422396856,56.0
665,Preston,522,0,0.0,583.0
666,Princeton,1527,0,0.0,583.0
667,Prosperity,1007,0,0.0,583.0
668,Providence,550,15,2.727272727272727,13.0
669,Pueblo,1048,10,0.9541984732824428,192.0
670,Purmela,1525,11,0.7213114754098361,283.0
671,Putnam,512,5,0.9765625,178.0
672,Quanah,1552,8,0.5154639175257731,409.0
673,Queen Anne,13,13,100.0,1.0
674,Queenstown,1040,12,1.153846153846154,141.0
675,Ragland,502,12,2.3904382470119523,26.0
676,Randolph,1542,25,1.621271076523995,88.0
677,Ranier,2973,6,0.20181634712411706,561.0
678,Ratcliff,2034,0,0.0,583.0
679,Ravenna,520,11,2.1153846153846154,47.0
680,Red Cliff,521,8,1.5355086372360844,97.0
681,Red River,2578,14,0.5430566330488751,381.0
682,Redford,2530,10,0.3952569169960474,481.0
683,Remer,521,0,0.0,583.0
684,Reno,3011,15,0.49817336433078707,416.0
685,Republic,516,8,1.550387596899225,93.0
686,Reynolds,998,0,0.0,583.0
687,Rhame,1491,6,0.4024144869215292,476.0
688,Richland,516,0,0.0,583.0
689,Ridge Spring,10,10,100.0,1.0
690,Ridgeland,1054,0,0.0,583.0
691,Ringwood,1020,10,0.9803921568627451,173.0
692,River,1519,0,0.0,583.0
693,Riverton,2002,7,0.34965034965034963,513.0
694,Riverview,504,15,2.976190476190476,7.0
695,Rochester,490,4,0.8163265306122449,239.0
696,Rock Glen,505,14,2.7722772277227725,11.0
697,Rock Springs,2562,14,0.546448087431694,380.0
698,Rock Tavern,2052,12,0.5847953216374269,359.0
699,Rockwell,514,7,1.3618677042801557,110.0
700,Rockwood,1002,7,0.6986027944111777,304.0
701,Rocky Mount,3045,8,0.2627257799671593,546.0
702,Roland,11,11,100.0,1.0
703,Roma,3038,12,0.39499670836076367,482.0
704,Romulus,2548,10,0.39246467817896385,490.0
705,Ronceverte,2599,3,0.11542901115813775,575.0
706,Roosevelt,2026,0,0.0,583.0
707,Roseland,1015,6,0.5911330049261084,352.0
708,Rosewood,510,4,0.7843137254901961,250.0
709,Rossville,496,0,0.0,583.0
710,Ruckersville,2619,12,0.45819014891179843,442.0
711,Ruidoso,1538,0,0.0,583.0
712,Rule,1548,8,0.516795865633075,406.0
713,Rumely,1033,11,1.0648596321393997,153.0
714,Ruth,1545,4,0.2588996763754045,550.0
715,Sachse,2591,0,0.0,583.0
716,Sacramento,2050,16,0.7804878048780488,254.0
717,Saint Amant,2524,0,0.0,583.0
718,Saint Bonaventure,2049,9,0.43923865300146414,458.0
719,Saint Francis,525,14,2.666666666666667,16.0
720,Saint James City,1549,12,0.7746933505487411,262.0
721,Saint Louis,1030,8,0.7766990291262136,259.0
722,Saint Paul,2062,11,0.533462657613967,386.0
723,Saint Petersburg,2029,8,0.39428289797930016,484.0
724,San Angelo,506,0,0.0,583.0
725,San Antonio,5130,25,0.4873294346978557,424.0
726,San Diego,2595,18,0.6936416184971098,306.0
727,San Jose,2029,18,0.8871365204534253,213.0
728,Santa Monica,1538,0,0.0,583.0
729,Sardis,521,14,2.6871401151631478,14.0
730,Sauk Rapids,1041,12,1.1527377521613833,142.0
731,Saxon,2093,12,0.5733397037744864,373.0
732,Scarborough,1527,11,0.7203667321545514,284.0
733,Schaefferstown,2033,9,0.4426955238563699,453.0
734,Schaumburg,1012,0,0.0,583.0
735,Scotia,2058,15,0.7288629737609329,276.0
736,Scotland,2578,10,0.3878975950349108,499.0
737,Scotts Mills,1029,13,1.2633624878522838,123.0
738,Sea Island,492,11,2.2357723577235773,40.0
739,Seattle,10,10,100.0,1.0
740,Sebring,3027,14,0.46250412950115627,435.0
741,Seneca,1558,15,0.9627727856225932,186.0
742,Shedd,502,9,1.7928286852589643,73.0
743,Sheffield,2023,0,0.0,583.0
744,Shelter Island,1550,11,0.7096774193548387,293.0
745,Shenandoah Junction,2024,13,0.6422924901185771,334.0
746,Sherman,2590,0,0.0,583.0
747,Shields,3056,11,0.3599476439790576,507.0
748,Shippingport,2054,14,0.6815968841285297,315.0
749,Shrewsbury,1024,0,0.0,583.0
750,Sixes,1043,11,1.0546500479386385,157.0
751,Skytop,523,12,2.294455066921606,34.0
752,Slayden,1039,11,1.0587102983638113,156.0
753,Smackover,1551,0,0.0,583.0
754,Smith River,1031,7,0.6789524733268671,317.0
755,Smithfield,535,9,1.6822429906542056,85.0
756,Smiths Grove,2564,0,0.0,583.0
757,Smock,1050,10,0.9523809523809524,193.0
758,Sontag,2083,11,0.528084493518963,394.0
759,South Hero,1022,13,1.2720156555772992,120.0
760,South Londonderry,1008,6,0.5952380952380952,346.0
761,South Richmond Hill,499,11,2.2044088176352705,42.0
762,Southfield,2049,0,0.0,583.0
763,Spearsville,1038,4,0.3853564547206166,504.0
764,Spencer,2553,16,0.626713670191931,338.0
765,Spirit Lake,506,0,0.0,583.0
766,Sprague,540,0,0.0,583.0
767,Spring,525,7,1.3333333333333335,116.0
768,Spring Church,1494,0,0.0,583.0
769,Springfield,2548,11,0.4317111459968602,468.0
770,Springfield Gardens,519,9,1.7341040462427744,80.0
771,Stanchfield,2573,15,0.582977069568597,361.0
772,Stayton,1046,0,0.0,583.0
773,Stephensport,1538,10,0.6501950585175552,329.0
774,Sterling City,1018,12,1.1787819253438114,134.0
775,Steuben,2080,0,0.0,583.0
776,Stillwater,1030,7,0.6796116504854369,316.0
777,Stirling,1548,0,0.0,583.0
778,Stittville,475,6,1.263157894736842,124.0
779,Stoneham,519,11,2.119460500963391,46.0
780,Streator,7,7,100.0,1.0
781,Sturgis,1578,7,0.4435994930291508,452.0
782,Sula,1512,8,0.5291005291005291,392.0
783,Summerfield,2074,18,0.8678881388621021,222.0
784,Sun City,3026,4,0.13218770654329146,572.0
785,Sunflower,512,10,1.953125,58.0
786,Superior,3119,7,0.22443090734209684,560.0
787,Surrency,2016,0,0.0,583.0
788,Sutherland,3061,0,0.0,583.0
789,Syracuse,509,5,0.9823182711198428,171.0
790,Tallmansville,2053,0,0.0,583.0
791,Tamaroa,1014,9,0.8875739644970414,212.0
792,Tampa,1026,8,0.7797270955165692,255.0
793,Tekoa,2458,15,0.6102522375915379,341.0
794,Texarkana,1056,9,0.8522727272727272,230.0
795,Thida,2949,8,0.2712783994574432,545.0
796,Thomas,4634,14,0.3021148036253776,534.0
797,Thompson,3040,12,0.39473684210526316,483.0
798,Thornville,492,10,2.0325203252032518,52.0
799,Thrall,3071,0,0.0,583.0
800,Tickfaw,1009,9,0.8919722497522299,208.0
801,Timberville,1512,8,0.5291005291005291,392.0
802,Tiptonville,1008,8,0.7936507936507936,245.0
803,Titusville,1526,0,0.0,583.0
804,Tomahawk,1544,0,0.0,583.0
805,Tomales,2041,10,0.4899559039686428,421.0
806,Topeka,3028,27,0.8916776750330251,210.0
807,Tower Hill,1528,0,0.0,583.0
808,Trenton,510,0,0.0,583.0
809,Tryon,990,5,0.5050505050505051,413.0
810,Tulsa,3086,27,0.8749189889825016,219.0
811,Tupper Lake,3055,3,0.09819967266775777,580.0
812,Turner,1533,0,0.0,583.0
813,Tuscarora,531,8,1.5065913370998116,100.0
814,Tyaskin,2015,13,0.6451612903225806,333.0
815,Tyler,2102,15,0.7136060894386299,290.0
816,Uledi,3123,0,0.0,583.0
817,Umatilla,1045,14,1.3397129186602872,114.0
818,Union,1021,11,1.0773751224289911,151.0
819,Unionville,1027,11,1.071080817916261,152.0
820,University,1542,16,1.0376134889753565,162.0
821,Utica,5105,25,0.4897159647404506,422.0
822,Vacaville,7,7,100.0,1.0
823,Valdosta,1522,0,0.0,583.0
824,Valentine,508,12,2.3622047244094486,27.0
825,Vancouver,500,0,0.0,583.0
826,Vanderbilt,1006,13,1.2922465208747516,119.0
827,Varnell,1504,0,0.0,583.0
828,Veedersburg,1010,0,0.0,583.0
829,Vero Beach,1553,3,0.19317450096587252,565.0
830,Vienna,538,12,2.2304832713754648,41.0
831,Vinton,1028,10,0.9727626459143969,180.0
832,Viola,1553,0,0.0,583.0
833,Wales,1568,15,0.9566326530612245,190.0
834,Walkertown,11,11,100.0,1.0
835,Walnut Ridge,3072,16,0.5208333333333333,400.0
836,Wappapello,8,8,100.0,1.0
837,Warren,4599,33,0.7175472928897586,287.0
838,Wartburg,11,11,100.0,1.0
839,Washington,3613,21,0.5812344312205923,364.0
840,Washington Court House,1549,8,0.5164622336991607,407.0
841,Washoe Valley,519,12,2.312138728323699,32.0
842,Watertown,1022,0,0.0,583.0
843,Wauchula,1006,0,0.0,583.0
844,Waukau,10,10,100.0,1.0
845,Waukesha,998,0,0.0,583.0
846,Waupaca,1505,0,0.0,583.0
847,Waynesfield,518,8,1.5444015444015444,94.0
848,Webster City,494,12,2.42914979757085,25.0
849,Weeping Water,1038,11,1.0597302504816954,155.0
850,Wendel,514,10,1.9455252918287937,60.0
851,West Bethel,511,6,1.1741682974559686,136.0
852,West Chazy,518,7,1.3513513513513513,113.0
853,West Columbia,1557,9,0.5780346820809248,367.0
854,West Decatur,1026,8,0.7797270955165692,255.0
855,West Eaton,1021,0,0.0,583.0
856,West Finley,471,0,0.0,583.0
857,West Frankfort,13,13,100.0,1.0
858,West Green,1039,13,1.2512030798845042,125.0
859,West Harrison,1524,0,0.0,583.0
860,West Hartford,2051,11,0.5363237445148707,385.0
861,West Henrietta,1471,0,0.0,583.0
862,West Long Branch,519,8,1.5414258188824663,95.0
863,West Monroe,1016,7,0.6889763779527559,308.0
864,West Palm Beach,1570,18,1.1464968152866242,144.0
865,West Sayville,2582,0,0.0,583.0
866,Westerville,2050,11,0.5365853658536586,384.0
867,Westfir,518,12,2.3166023166023164,31.0
868,Westhampton Beach,1033,8,0.7744433688286544,263.0
869,Westport,2949,15,0.508646998982706,411.0
870,Wetmore,3074,10,0.32530904359141183,526.0
871,Whaleyville,3077,11,0.35749106272343195,508.0
872,Wheaton,2042,0,0.0,583.0
873,Whigham,1524,0,0.0,583.0
874,White Sulphur Springs,529,15,2.835538752362949,9.0
875,Whittemore,503,0,0.0,583.0
876,Wichita,2558,18,0.7036747458952306,298.0
877,Williams,516,0,0.0,583.0
878,Williamsburg,524,13,2.480916030534351,23.0
879,Wilmette,2092,11,0.5258126195028681,397.0
880,Wilmington,3110,11,0.3536977491961415,511.0
881,Wilton,2041,0,0.0,583.0
882,Winfield,2551,11,0.431203449627597,470.0
883,Winger,2059,8,0.38853812530354537,498.0
884,Winnsboro,11,11,100.0,1.0
885,Winslow,1040,10,0.9615384615384616,187.0
886,Winter,1055,7,0.6635071090047393,325.0
887,Winthrop,537,8,1.48975791433892,104.0
888,Wittenberg,511,12,2.3483365949119372,28.0
889,Woods Cross,514,0,0.0,583.0
890,Woodville,2109,0,0.0,583.0
891,Yellowstone National Park,525,12,2.2857142857142856,35.0
892,Zaleski,1557,12,0.7707129094412332,265.0
893,Zavalla,1537,0,0.0,583.0
